Date,HousingStarts
1/1/1984,1897
2/1/1984,2260
3/1/1984,1663
4/1/1984,1851
5/1/1984,1774
6/1/1984,1843
7/1/1984,1732
8/1/1984,1586
9/1/1984,1698
10/1/1984,1590
11/1/1984,1689
12/1/1984,1612
1/1/1985,1711
2/1/1985,1632
3/1/1985,1800
4/1/1985,1821
5/1/1985,1680
6/1/1985,1676
7/1/1985,1684
8/1/1985,1743
9/1/1985,1676
10/1/1985,1834
11/1/1985,1698
12/1/1985,1942
1/1/1986,1972
2/1/1986,1848
3/1/1986,1876
4/1/1986,1933
5/1/1986,1854
6/1/1986,1847
7/1/1986,1782
8/1/1986,1807
9/1/1986,1687
10/1/1986,1681
11/1/1986,1623
12/1/1986,1833
1/1/1987,1774
2/1/1987,1784
3/1/1987,1726
4/1/1987,1614
5/1/1987,1628
6/1/1987,1594
7/1/1987,1575
8/1/1987,1605
9/1/1987,1695
10/1/1987,1515
11/1/1987,1656
12/1/1987,1400
1/1/1988,1271
2/1/1988,1473
3/1/1988,1532
4/1/1988,1573
5/1/1988,1421
6/1/1988,1478
7/1/1988,1467
8/1/1988,1493
9/1/1988,1492
10/1/1988,1522
11/1/1988,1569
12/1/1988,1563
1/1/1989,1621
2/1/1989,1425
3/1/1989,1422
4/1/1989,1339
5/1/1989,1331
6/1/1989,1397
7/1/1989,1427
8/1/1989,1332
9/1/1989,1279
10/1/1989,1410
11/1/1989,1351
12/1/1989,1251
1/1/1990,1551
2/1/1990,1437
3/1/1990,1289
4/1/1990,1248
5/1/1990,1212
6/1/1990,1177
7/1/1990,1171
8/1/1990,1115
9/1/1990,1110
10/1/1990,1014
11/1/1990,1145
12/1/1990,969
1/1/1991,798
2/1/1991,965
3/1/1991,921
4/1/1991,1001
5/1/1991,996
6/1/1991,1036
7/1/1991,1063
8/1/1991,1049
9/1/1991,1015
10/1/1991,1079
11/1/1991,1103
12/1/1991,1079
1/1/1992,1176
2/1/1992,1250
3/1/1992,1297
4/1/1992,1099
5/1/1992,1214
6/1/1992,1145
7/1/1992,1139
8/1/1992,1226
9/1/1992,1186
10/1/1992,1244
11/1/1992,1214
12/1/1992,1227
1/1/1993,1210
2/1/1993,1210
3/1/1993,1083
4/1/1993,1258
5/1/1993,1260
6/1/1993,1280
7/1/1993,1254
8/1/1993,1300
9/1/1993,1343
10/1/1993,1392
11/1/1993,1376
12/1/1993,1533
1/1/1994,1272
2/1/1994,1337
3/1/1994,1564
4/1/1994,1465
5/1/1994,1526
6/1/1994,1409
7/1/1994,1439
8/1/1994,1450
9/1/1994,1474
10/1/1994,1450
11/1/1994,1511
12/1/1994,1455
1/1/1995,1407
2/1/1995,1316
3/1/1995,1249
4/1/1995,1267
5/1/1995,1314
6/1/1995,1281
7/1/1995,1461
8/1/1995,1416
9/1/1995,1369
10/1/1995,1369
11/1/1995,1452
12/1/1995,1431
1/1/1996,1467
2/1/1996,1491
3/1/1996,1424
4/1/1996,1516
5/1/1996,1504
6/1/1996,1467
7/1/1996,1472
8/1/1996,1557
9/1/1996,1475
10/1/1996,1392
11/1/1996,1489
12/1/1996,1370
1/1/1997,1355
2/1/1997,1486
3/1/1997,1457
4/1/1997,1492
5/1/1997,1442
6/1/1997,1494
7/1/1997,1437
8/1/1997,1390
9/1/1997,1546
10/1/1997,1520
11/1/1997,1510
12/1/1997,1566
1/1/1998,1525
2/1/1998,1584
3/1/1998,1567
4/1/1998,1540
5/1/1998,1536
6/1/1998,1641
7/1/1998,1698
8/1/1998,1614
9/1/1998,1582
10/1/1998,1715
11/1/1998,1660
12/1/1998,1792
1/1/1999,1748
2/1/1999,1670
3/1/1999,1710
4/1/1999,1553
5/1/1999,1611
6/1/1999,1559
7/1/1999,1669
8/1/1999,1648
9/1/1999,1635
10/1/1999,1608
11/1/1999,1648
12/1/1999,1708
1/1/2000,1636
2/1/2000,1737
3/1/2000,1604
4/1/2000,1626
5/1/2000,1575
6/1/2000,1559
7/1/2000,1463
8/1/2000,1541
9/1/2000,1507
10/1/2000,1549
11/1/2000,1551
12/1/2000,1532
1/1/2001,1600
2/1/2001,1625
3/1/2001,1590
4/1/2001,1649
5/1/2001,1605
6/1/2001,1636
7/1/2001,1670
8/1/2001,1567
9/1/2001,1562
10/1/2001,1540
11/1/2001,1602
12/1/2001,1568
1/1/2002,1698
2/1/2002,1829
3/1/2002,1642
4/1/2002,1592
5/1/2002,1764
6/1/2002,1717
7/1/2002,1655
8/1/2002,1633
9/1/2002,1804
10/1/2002,1648
11/1/2002,1753
12/1/2002,1788
1/1/2003,1853
2/1/2003,1629
3/1/2003,1726
4/1/2003,1643
5/1/2003,1751
6/1/2003,1867
7/1/2003,1897
8/1/2003,1833
9/1/2003,1939
10/1/2003,1967
11/1/2003,2083
12/1/2003,2057
1/1/2004,1911
2/1/2004,1846
3/1/2004,1998
4/1/2004,2003
5/1/2004,1981
6/1/2004,1828
7/1/2004,2002
8/1/2004,2024
9/1/2004,1905
10/1/2004,2072
11/1/2004,1782
12/1/2004,2042
1/1/2005,2144
2/1/2005,2207
3/1/2005,1864
4/1/2005,2061
5/1/2005,2025
6/1/2005,2068
7/1/2005,2054
8/1/2005,2095
9/1/2005,2151
10/1/2005,2065
11/1/2005,2147
12/1/2005,1994
1/1/2006,2273
2/1/2006,2119
3/1/2006,1969
4/1/2006,1821
5/1/2006,1942
6/1/2006,1802
7/1/2006,1737
8/1/2006,1650
9/1/2006,1720
10/1/2006,1491
11/1/2006,1570
12/1/2006,1649
1/1/2007,1409
2/1/2007,1480
3/1/2007,1495
4/1/2007,1490
5/1/2007,1415
6/1/2007,1448
7/1/2007,1354
8/1/2007,1330
9/1/2007,1183
10/1/2007,1264
11/1/2007,1197
12/1/2007,1037
1/1/2008,1084
2/1/2008,1103
3/1/2008,1005
4/1/2008,1013
5/1/2008,973
6/1/2008,1046
7/1/2008,923
8/1/2008,844
9/1/2008,820
10/1/2008,777
11/1/2008,652
12/1/2008,560
1/1/2009,490
2/1/2009,582
3/1/2009,505
4/1/2009,478
5/1/2009,540
6/1/2009,585
7/1/2009,594
8/1/2009,586
9/1/2009,585
10/1/2009,534
11/1/2009,588
12/1/2009,581
1/1/2010,614
2/1/2010,604
3/1/2010,636
4/1/2010,687
5/1/2010,583
6/1/2010,536
7/1/2010,546
8/1/2010,599
9/1/2010,594
10/1/2010,543
11/1/2010,545
12/1/2010,539
1/1/2011,630
2/1/2011,517
3/1/2011,600
4/1/2011,554
5/1/2011,561
6/1/2011,608
7/1/2011,623
8/1/2011,585
9/1/2011,650
10/1/2011,610
11/1/2011,711
12/1/2011,694
1/1/2012,723
2/1/2012,704
3/1/2012,695
4/1/2012,753
5/1/2012,708
6/1/2012,757
7/1/2012,740
8/1/2012,754
9/1/2012,847
10/1/2012,915
11/1/2012,833
12/1/2012,976
1/1/2013,888
2/1/2013,962
3/1/2013,1010
4/1/2013,835
5/1/2013,930
6/1/2013,839
7/1/2013,880
8/1/2013,917
9/1/2013,850
10/1/2013,925
11/1/2013,1100
12/1/2013,1002
1/1/2014,888
2/1/2014,944
3/1/2014,970
4/1/2014,1043
5/1/2014,1007
6/1/2014,911
7/1/2014,1085
8/1/2014,984
9/1/2014,1023
10/1/2014,1074
11/1/2014,1001
12/1/2014,1073
1/1/2015,1085
2/1/2015,886
3/1/2015,960
4/1/2015,1190
5/1/2015,1079
6/1/2015,1205
7/1/2015,1146
8/1/2015,1130
9/1/2015,1224
10/1/2015,1058
11/1/2015,1172
12/1/2015,1146
1/1/2016,1092
2/1/2016,1225
3/1/2016,1111
4/1/2016,1163
5/1/2016,1148
6/1/2016,1203
7/1/2016,1239
8/1/2016,1171
9/1/2016,1068
10/1/2016,1313
11/1/2016,1140
12/1/2016,1252
1/1/2017,1190
2/1/2017,1271
3/1/2017,1190
4/1/2017,1146
5/1/2017,1157
6/1/2017,1249
7/1/2017,1206
8/1/2017,1159
9/1/2017,1181
10/1/2017,1257
11/1/2017,1273
12/1/2017,1177
1/1/2018,1299
2/1/2018,1277
3/1/2018,1318
4/1/2018,1276
5/1/2018,1357
6/1/2018,1192
7/1/2018,1208
8/1/2018,1288
9/1/2018,1250
10/1/2018,1221
11/1/2018,1181
12/1/2018,1095
1/1/2019,1226
2/1/2019,1121
3/1/2019,1191
4/1/2019,1272
5/1/2019,1293
6/1/2019,1243
7/1/2019,1240
8/1/2019,1375
9/1/2019,1311
10/1/2019,1325
11/1/2019,1353
12/1/2019,1548
1/1/2020,1581
2/1/2020,1549
3/1/2020,1266
4/1/2020,936
5/1/2020,1039
6/1/2020,1266
7/1/2020,1526
8/1/2020,1396
9/1/2020,1473
10/1/2020,1543
11/1/2020,1543
12/1/2020,1614
1/1/2021,1630
2/1/2021,1404
3/1/2021,1696
4/1/2021,1495
5/1/2021,1589
6/1/2021,1650
7/1/2021,1597
8/1/2021,1594
9/1/2021,1577
10/1/2021,1579
11/1/2021,1705
12/1/2021,1722
1/1/2022,1702
2/1/2022,1735
3/1/2022,1712
4/1/2022,1820
5/1/2022,1531
6/1/2022,1551
7/1/2022,1381
8/1/2022,1531
9/1/2022,1488
10/1/2022,1435
11/1/2022,1424
12/1/2022,1308
1/1/2023,1361
2/1/2023,1399
3/1/2023,1377
4/1/2023,1354
5/1/2023,1584
6/1/2023,1421
7/1/2023,1460
8/1/2023,1317
9/1/2023,1371
10/1/2023,1368
11/1/2023,1514
12/1/2023,1521
1/1/2024,1381
2/1/2024,1552
3/1/2024,1312
4/1/2024,1385
5/1/2024,1316
6/1/2024,1327
7/1/2024,1265
8/1/2024,1391
9/1/2024,1357
10/1/2024,1352
11/1/2024,1295
12/1/2024,1514
1/1/2025,1358
2/1/2025,1490
3/1/2025,1355
4/1/2025,1398
5/1/2025,1282
6/1/2025,1382
7/1/2025,1420
8/1/2025,1291
9/1/2025,1328
10/1/2025,1272
11/1/2025,1324
12/1/2025,1373
