Date,CPI,HomePrice,HousingStarts,MedianHouseholdIncome,MortgageRate,Population,UnemploymentRate
1/1/1984,102.1,78200.0,1897,22420.0,13.368,235456,8.0
2/1/1984,102.6,78200.0,2260,22420.0,13.232,235601,7.8
3/1/1984,102.9,78200.0,1663,22420.0,13.386,235757,7.8
4/1/1984,103.3,80700.0,1851,22420.0,13.652,235916,7.7
5/1/1984,103.5,80700.0,1774,22420.0,13.942,236077,7.4
6/1/1984,103.7,80700.0,1843,22420.0,14.416,236254,7.2
7/1/1984,104.1,81000.0,1732,22420.0,14.668,236449,7.5
8/1/1984,104.4,81000.0,1586,22420.0,14.47,236655,7.5
9/1/1984,104.7,81000.0,1698,22420.0,14.35,236868,7.3
10/1/1984,105.1,79900.0,1590,22420.0,14.13,237068,7.4
11/1/1984,105.3,79900.0,1689,22420.0,13.638,237238,7.2
12/1/1984,105.5,79900.0,1612,22420.0,13.18,237392,7.3
1/1/1985,105.7,82800.0,1711,23620.0,13.075,237535,7.3
2/1/1985,106.3,82800.0,1632,23620.0,12.92,237667,7.2
3/1/1985,106.8,82800.0,1800,23620.0,13.17,237816,7.2
4/1/1985,107.0,84300.0,1821,23620.0,13.195,237987,7.3
5/1/1985,107.2,84300.0,1680,23620.0,12.914,238172,7.2
6/1/1985,107.5,84300.0,1676,23620.0,12.215,238368,7.4
7/1/1985,107.7,83200.0,1684,23620.0,12.032,238573,7.4
8/1/1985,107.9,83200.0,1743,23620.0,12.186,238789,7.1
9/1/1985,108.1,83200.0,1676,23620.0,12.192,239006,7.1
10/1/1985,108.5,86800.0,1834,23620.0,12.135,239210,7.1
11/1/1985,109.0,86800.0,1698,23620.0,11.784,239392,7.0
12/1/1985,109.5,86800.0,1942,23620.0,11.26,239558,7.0
1/1/1986,109.9,88000.0,1972,24900.0,10.886,239713,6.7
2/1/1986,109.7,88000.0,1848,24900.0,10.71,239858,7.2
3/1/1986,109.1,88000.0,1876,24900.0,10.08,240011,7.2
4/1/1986,108.7,92100.0,1933,24900.0,9.938,240183,7.1
5/1/1986,109.0,92100.0,1854,24900.0,10.144,240365,7.2
6/1/1986,109.4,92100.0,1847,24900.0,10.682,240555,7.2
7/1/1986,109.5,93000.0,1782,24900.0,10.508,240753,7.0
8/1/1986,109.6,93000.0,1807,24900.0,10.2,240961,6.9
9/1/1986,110.0,93000.0,1687,24900.0,10.008,241171,7.0
10/1/1986,110.2,95000.0,1681,24900.0,9.974,241371,7.0
11/1/1986,110.4,95000.0,1623,24900.0,9.695,241544,6.9
12/1/1986,110.8,95000.0,1833,24900.0,9.31,241702,6.6
1/1/1987,111.4,97900.0,1774,26060.0,9.204,241857,6.6
2/1/1987,111.8,97900.0,1784,26060.0,9.082,242005,6.6
3/1/1987,112.2,97900.0,1726,26060.0,9.035,242166,6.6
4/1/1987,112.7,103400.0,1614,26060.0,9.832,242338,6.3
5/1/1987,113.0,103400.0,1628,26060.0,10.596,242516,6.3
6/1/1987,113.5,103400.0,1594,26060.0,10.538,242706,6.2
7/1/1987,113.8,106000.0,1575,26060.0,10.278,242908,6.1
8/1/1987,114.3,106000.0,1605,26060.0,10.33,243118,6.0
9/1/1987,114.7,106000.0,1695,26060.0,10.888,243335,5.9
10/1/1987,115.0,111500.0,1515,26060.0,11.26,243543,6.0
11/1/1987,115.4,111500.0,1656,26060.0,10.65,243724,5.8
12/1/1987,115.6,111500.0,1400,26060.0,10.64,243895,5.7
1/1/1988,116.0,110000.0,1271,27230.0,10.382,244056,5.7
2/1/1988,116.2,110000.0,1473,27230.0,9.892,244205,5.7
3/1/1988,116.5,110000.0,1532,27230.0,9.93,244362,5.7
4/1/1988,117.2,110000.0,1573,27230.0,10.202,244528,5.4
5/1/1988,117.5,110000.0,1421,27230.0,10.455,244708,5.6
6/1/1988,118.0,110000.0,1478,27230.0,10.46,244914,5.4
7/1/1988,118.5,115000.0,1467,27230.0,10.432,245131,5.4
8/1/1988,119.0,115000.0,1493,27230.0,10.598,245352,5.6
9/1/1988,119.5,115000.0,1492,27230.0,10.48,245579,5.4
10/1/1988,119.9,113900.0,1522,27230.0,10.302,245789,5.4
11/1/1988,120.3,113900.0,1569,27230.0,10.265,245970,5.3
12/1/1988,120.7,113900.0,1563,27230.0,10.612,246140,5.3
1/1/1989,121.2,118000.0,1621,28910.0,10.73,246301,5.4
2/1/1989,121.6,118000.0,1425,28910.0,10.645,246454,5.2
3/1/1989,122.2,118000.0,1422,28910.0,11.032,246626,5.0
4/1/1989,123.1,118900.0,1339,28910.0,11.05,246814,5.2
5/1/1989,123.7,118900.0,1331,28910.0,10.772,247010,5.2
6/1/1989,124.1,118900.0,1397,28910.0,10.196,247228,5.3
7/1/1989,124.5,120000.0,1427,28910.0,9.882,247458,5.2
8/1/1989,124.5,120000.0,1332,28910.0,9.985,247695,5.2
9/1/1989,124.8,120000.0,1279,28910.0,10.126,247942,5.3
10/1/1989,125.4,124800.0,1410,28910.0,9.948,248174,5.3
11/1/1989,125.9,124800.0,1351,28910.0,9.768,248380,5.4
12/1/1989,126.3,124800.0,1251,28910.0,9.744,248569,5.4
1/1/1990,127.5,123900.0,1551,29940.0,9.895,248743,5.4
2/1/1990,128.0,123900.0,1437,29940.0,10.198,248920,5.3
3/1/1990,128.6,123900.0,1289,29940.0,10.268,249146,5.2
4/1/1990,128.9,126800.0,1248,29940.0,10.37,249436,5.4
5/1/1990,129.1,126800.0,1212,29940.0,10.478,249707,5.4
6/1/1990,129.9,126800.0,1177,29940.0,10.164,249990,5.2
7/1/1990,130.5,117000.0,1171,29940.0,10.035,250285,5.5
8/1/1990,131.6,117000.0,1115,29940.0,10.1,250595,5.7
9/1/1990,132.5,117000.0,1110,29940.0,10.175,250904,5.9
10/1/1990,133.4,121500.0,1014,29940.0,10.178,251201,5.9
11/1/1990,133.7,121500.0,1145,29940.0,10.014,251486,6.2
12/1/1990,134.2,121500.0,969,29940.0,9.672,251758,6.3
1/1/1991,134.7,120000.0,798,30130.0,9.638,252012,6.4
2/1/1991,134.8,120000.0,965,30130.0,9.365,252253,6.6
3/1/1991,134.8,120000.0,921,30130.0,9.5,252507,6.8
4/1/1991,135.1,119900.0,1001,30130.0,9.492,252778,6.7
5/1/1991,135.6,119900.0,996,30130.0,9.472,253060,6.9
6/1/1991,136.0,119900.0,1036,30130.0,9.615,253350,6.9
7/1/1991,136.2,120000.0,1063,30130.0,9.575,253650,6.8
8/1/1991,136.6,120000.0,1049,30130.0,9.244,253966,6.9
9/1/1991,137.0,120000.0,1015,30130.0,9.008,254280,6.9
10/1/1991,137.2,120000.0,1079,30130.0,8.855,254576,7.0
11/1/1991,137.8,120000.0,1103,30130.0,8.712,254841,7.0
12/1/1991,138.2,120000.0,1079,30130.0,8.497,255089,7.3
1/1/1992,138.3,119500.0,1176,30640.0,8.432,255331,7.3
2/1/1992,138.6,119500.0,1250,30640.0,8.762,255576,7.4
3/1/1992,139.1,119500.0,1297,30640.0,8.935,255848,7.4
4/1/1992,139.4,120000.0,1099,30640.0,8.852,256139,7.4
5/1/1992,139.7,120000.0,1214,30640.0,8.672,256437,7.6
6/1/1992,140.1,120000.0,1145,30640.0,8.51,256742,7.8
7/1/1992,140.5,120000.0,1139,30640.0,8.128,257063,7.7
8/1/1992,140.8,120000.0,1226,30640.0,7.975,257390,7.6
9/1/1992,141.1,120000.0,1186,30640.0,7.922,257704,7.6
10/1/1992,141.7,126000.0,1244,30640.0,8.088,258004,7.3
11/1/1992,142.1,126000.0,1214,30640.0,8.305,258280,7.4
12/1/1992,142.3,126000.0,1227,30640.0,8.206,258546,7.4
1/1/1993,142.8,125000.0,1210,31240.0,7.992,258799,7.3
2/1/1993,143.1,125000.0,1210,31240.0,7.682,259036,7.1
3/1/1993,143.3,125000.0,1083,31240.0,7.495,259283,7.0
4/1/1993,143.8,127000.0,1258,31240.0,7.472,259547,7.1
5/1/1993,144.2,127000.0,1260,31240.0,7.465,259822,7.1
6/1/1993,144.3,127000.0,1280,31240.0,7.418,260109,7.0
7/1/1993,144.5,127000.0,1254,31240.0,7.206,260411,6.9
8/1/1993,144.8,127000.0,1300,31240.0,7.112,260717,6.8
9/1/1993,145.0,127000.0,1343,31240.0,6.915,261015,6.7
10/1/1993,145.6,127000.0,1392,31240.0,6.834,261294,6.8
11/1/1993,146.0,127000.0,1376,31240.0,7.155,261550,6.6
12/1/1993,146.3,127000.0,1533,31240.0,7.172,261796,6.5
1/1/1994,146.3,130000.0,1272,32260.0,7.06,262021,6.6
2/1/1994,146.7,130000.0,1337,32260.0,7.152,262237,6.6
3/1/1994,147.1,130000.0,1564,32260.0,7.675,262491,6.5
4/1/1994,147.2,130000.0,1465,32260.0,8.316,262754,6.4
5/1/1994,147.5,130000.0,1526,32260.0,8.598,263014,6.1
6/1/1994,147.9,130000.0,1409,32260.0,8.398,263294,6.1
7/1/1994,148.4,129700.0,1439,32260.0,8.614,263580,6.1
8/1/1994,149.0,129700.0,1450,32260.0,8.512,263871,6.0
9/1/1994,149.3,129700.0,1474,32260.0,8.64,264159,5.9
10/1/1994,149.4,132000.0,1450,32260.0,8.925,264430,5.8
11/1/1994,149.8,132000.0,1511,32260.0,9.17,264681,5.6
12/1/1994,150.1,132000.0,1455,32260.0,9.198,264924,5.5
1/1/1995,150.5,130000.0,1407,34080.0,9.148,265157,5.6
2/1/1995,150.9,130000.0,1316,34080.0,8.828,265383,5.4
3/1/1995,151.2,130000.0,1249,34080.0,8.462,265625,5.4
4/1/1995,151.8,133900.0,1267,34080.0,8.32,265877,5.8
5/1/1995,152.1,133900.0,1314,34080.0,7.955,266134,5.6
6/1/1995,152.4,133900.0,1281,34080.0,7.566,266414,5.6
7/1/1995,152.6,132000.0,1461,34080.0,7.608,266700,5.7
8/1/1995,152.9,132000.0,1416,34080.0,7.86,266998,5.7
9/1/1995,153.1,132000.0,1369,34080.0,7.636,267304,5.6
10/1/1995,153.5,138000.0,1369,34080.0,7.475,267585,5.5
11/1/1995,153.7,138000.0,1452,34080.0,7.377,267829,5.6
12/1/1995,153.9,138000.0,1431,34080.0,7.2,268047,5.6
1/1/1996,154.7,137000.0,1467,35490.0,7.03,268258,5.6
2/1/1996,155.0,137000.0,1491,35490.0,7.075,268480,5.5
3/1/1996,155.5,137000.0,1424,35490.0,7.624,268724,5.5
4/1/1996,156.1,139900.0,1516,35490.0,7.925,268980,5.6
5/1/1996,156.4,139900.0,1504,35490.0,8.07,269247,5.6
6/1/1996,156.7,139900.0,1467,35490.0,8.32,269527,5.3
7/1/1996,157.0,140000.0,1472,35490.0,8.245,269822,5.5
8/1/1996,157.2,140000.0,1557,35490.0,8.002,270130,5.1
9/1/1996,157.7,140000.0,1475,35490.0,8.23,270433,5.2
10/1/1996,158.2,144100.0,1392,35490.0,7.915,270730,5.2
11/1/1996,158.7,144100.0,1489,35490.0,7.618,271002,5.4
12/1/1996,159.1,144100.0,1370,35490.0,7.598,271243,5.4
1/1/1997,159.4,145000.0,1355,37010.0,7.824,271472,5.3
2/1/1997,159.7,145000.0,1486,37010.0,7.65,271703,5.2
3/1/1997,159.8,145000.0,1457,37010.0,7.898,271952,5.2
4/1/1997,159.9,145800.0,1492,37010.0,8.142,272213,5.1
5/1/1997,159.9,145800.0,1442,37010.0,7.944,272482,4.9
6/1/1997,160.2,145800.0,1494,37010.0,7.69,272767,5.0
7/1/1997,160.4,145000.0,1437,37010.0,7.498,273074,4.9
8/1/1997,160.8,145000.0,1390,37010.0,7.48,273395,4.8
9/1/1997,161.2,145000.0,1546,37010.0,7.43,273703,4.9
10/1/1997,161.5,144200.0,1520,37010.0,7.294,273989,4.7
11/1/1997,161.7,144200.0,1510,37010.0,7.205,274249,4.6
12/1/1997,161.8,144200.0,1566,37010.0,7.095,274499,4.7
1/1/1998,162.0,152200.0,1525,38890.0,6.994,274732,4.6
2/1/1998,162.0,152200.0,1584,38890.0,7.042,274943,4.6
3/1/1998,162.0,152200.0,1567,38890.0,7.128,275175,4.7
4/1/1998,162.2,149500.0,1540,38890.0,7.14,275434,4.3
5/1/1998,162.6,149500.0,1536,38890.0,7.144,275700,4.4
6/1/1998,162.8,149500.0,1641,38890.0,6.998,275976,4.5
7/1/1998,163.2,153000.0,1698,38890.0,6.952,276266,4.5
8/1/1998,163.4,153000.0,1614,38890.0,6.922,276566,4.5
9/1/1998,163.5,153000.0,1582,38890.0,6.722,276859,4.6
10/1/1998,163.9,153000.0,1715,38890.0,6.71,277140,4.5
11/1/1998,164.1,153000.0,1660,38890.0,6.865,277402,4.4
12/1/1998,164.4,153000.0,1792,38890.0,6.738,277658,4.4
1/1/1999,164.7,157400.0,1748,40700.0,6.785,277891,4.3
2/1/1999,164.7,157400.0,1670,40700.0,6.808,278095,4.4
3/1/1999,164.8,157400.0,1710,40700.0,7.04,278324,4.2
4/1/1999,165.9,158700.0,1553,40700.0,6.916,278584,4.3
5/1/1999,166.0,158700.0,1611,40700.0,7.145,278859,4.2
6/1/1999,166.0,158700.0,1559,40700.0,7.55,279148,4.3
7/1/1999,166.7,159100.0,1669,40700.0,7.632,279448,4.3
8/1/1999,167.1,159100.0,1648,40700.0,7.942,279752,4.2
9/1/1999,167.8,159100.0,1635,40700.0,7.822,280053,4.2
10/1/1999,168.1,165300.0,1608,40700.0,7.852,280337,4.1
11/1/1999,168.4,165300.0,1648,40700.0,7.738,280594,4.1
12/1/1999,168.8,165300.0,1708,40700.0,7.912,280846,4.0
1/1/2000,169.3,165300.0,1636,41990.0,8.21,281083,4.0
2/1/2000,170.0,165300.0,1737,41990.0,8.325,281299,4.1
3/1/2000,171.0,165300.0,1604,41990.0,8.24,281531,4.0
4/1/2000,170.9,163200.0,1626,41990.0,8.152,281763,3.8
5/1/2000,171.2,163200.0,1575,41990.0,8.515,281996,4.0
6/1/2000,172.2,163200.0,1559,41990.0,8.288,282247,4.0
7/1/2000,172.7,168800.0,1463,41990.0,8.148,282504,4.0
8/1/2000,172.7,168800.0,1541,41990.0,8.028,282769,4.1
9/1/2000,173.6,168800.0,1507,41990.0,7.912,283033,3.9
10/1/2000,173.9,172900.0,1549,41990.0,7.795,283285,3.9
11/1/2000,174.2,172900.0,1551,41990.0,7.745,283523,3.9
12/1/2000,174.6,172900.0,1532,41990.0,7.382,283748,3.9
1/1/2001,175.6,169800.0,1600,42230.0,7.032,283960,4.2
2/1/2001,176.0,169800.0,1625,42230.0,7.05,284166,4.2
3/1/2001,176.1,169800.0,1590,42230.0,6.952,284380,4.3
4/1/2001,176.4,179000.0,1649,42230.0,7.078,284602,4.4
5/1/2001,177.3,179000.0,1605,42230.0,7.145,284834,4.3
6/1/2001,177.7,179000.0,1636,42230.0,7.16,285076,4.5
7/1/2001,177.4,172500.0,1670,42230.0,7.128,285324,4.6
8/1/2001,177.4,172500.0,1567,42230.0,6.95,285584,4.9
9/1/2001,178.1,172500.0,1562,42230.0,6.818,285842,5.0
10/1/2001,177.6,171100.0,1540,42230.0,6.618,286086,5.3
11/1/2001,177.5,171100.0,1602,42230.0,6.658,286315,5.5
12/1/2001,177.4,171100.0,1568,42230.0,7.065,286533,5.7
1/1/2002,177.7,188700.0,1698,42410.0,6.998,286739,5.7
2/1/2002,178.0,188700.0,1829,42410.0,6.892,286935,5.7
3/1/2002,178.5,188700.0,1642,42410.0,7.014,287131,5.7
4/1/2002,179.3,187200.0,1592,42410.0,6.985,287343,5.9
5/1/2002,179.5,187200.0,1764,42410.0,6.806,287571,5.8
6/1/2002,179.6,187200.0,1717,42410.0,6.65,287808,5.8
7/1/2002,180.0,178100.0,1655,42410.0,6.485,288051,5.8
8/1/2002,180.5,178100.0,1633,42410.0,6.29,288303,5.7
9/1/2002,180.8,178100.0,1804,42410.0,6.092,288554,5.7
10/1/2002,181.2,190100.0,1648,42410.0,6.112,288794,5.7
11/1/2002,181.5,190100.0,1753,42410.0,6.068,289012,5.9
12/1/2002,181.8,190100.0,1788,42410.0,6.048,289214,6.0
1/1/2003,182.6,186000.0,1853,43320.0,5.916,289412,5.8
2/1/2003,183.6,186000.0,1629,43320.0,5.842,289606,5.9
3/1/2003,183.9,186000.0,1726,43320.0,5.745,289809,5.9
4/1/2003,183.2,191800.0,1643,43320.0,5.812,290024,6.0
5/1/2003,182.9,191800.0,1751,43320.0,5.484,290250,6.1
6/1/2003,183.1,191800.0,1867,43320.0,5.23,290484,6.3
7/1/2003,183.7,191900.0,1897,43320.0,5.632,290726,6.2
8/1/2003,184.5,191900.0,1833,43320.0,6.264,290974,6.1
9/1/2003,185.1,191900.0,1939,43320.0,6.148,291222,6.1
10/1/2003,184.9,198800.0,1967,43320.0,5.952,291463,6.0
11/1/2003,185.0,198800.0,2083,43320.0,5.932,291677,5.8
12/1/2003,185.5,198800.0,2057,43320.0,5.876,291868,5.7
1/1/2004,186.3,212700.0,1911,44330.0,5.712,292046,5.7
2/1/2004,186.7,212700.0,1846,44330.0,5.635,292230,5.6
3/1/2004,187.1,212700.0,1998,44330.0,5.445,292434,5.8
4/1/2004,187.4,217600.0,2003,44330.0,5.83,292651,5.6
5/1/2004,188.2,217600.0,1981,44330.0,6.27,292872,5.6
6/1/2004,188.9,217600.0,1828,44330.0,6.288,293103,5.6
7/1/2004,189.1,213500.0,2002,44330.0,6.056,293350,5.5
8/1/2004,189.2,213500.0,2024,44330.0,5.868,293603,5.4
9/1/2004,189.8,213500.0,1905,44330.0,5.754,293857,5.4
10/1/2004,190.8,228800.0,2072,44330.0,5.722,294104,5.5
11/1/2004,191.7,228800.0,1782,44330.0,5.73,294337,5.4
12/1/2004,191.7,228800.0,2042,44330.0,5.752,294561,5.4
1/1/2005,191.6,232500.0,2144,46330.0,5.71,294768,5.3
2/1/2005,192.4,232500.0,2207,46330.0,5.628,294955,5.4
3/1/2005,193.1,232500.0,1864,46330.0,5.928,295149,5.2
4/1/2005,193.7,233700.0,2061,46330.0,5.855,295359,5.2
5/1/2005,193.6,233700.0,2025,46330.0,5.72,295582,5.1
6/1/2005,193.7,233700.0,2068,46330.0,5.582,295824,5.0
7/1/2005,194.9,236400.0,2054,46330.0,5.695,296077,5.0
8/1/2005,196.1,236400.0,2095,46330.0,5.82,296338,4.9
9/1/2005,198.8,236400.0,2151,46330.0,5.774,296606,5.0
10/1/2005,199.1,243600.0,2065,46330.0,6.065,296857,5.0
11/1/2005,198.1,243600.0,2147,46330.0,6.33,297089,5.0
12/1/2005,198.1,243600.0,1994,46330.0,6.272,297311,4.9
1/1/2006,199.3,247700.0,2273,48200.0,6.145,297526,4.7
2/1/2006,199.4,247700.0,2119,48200.0,6.252,297734,4.8
3/1/2006,199.7,247700.0,1969,48200.0,6.324,297950,4.7
4/1/2006,200.7,246300.0,1821,48200.0,6.508,298170,4.7
5/1/2006,201.3,246300.0,1942,48200.0,6.598,298401,4.6
6/1/2006,201.8,246300.0,1802,48200.0,6.682,298653,4.6
7/1/2006,202.9,235600.0,1737,48200.0,6.762,298910,4.7
8/1/2006,203.8,235600.0,1650,48200.0,6.524,299178,4.7
9/1/2006,202.8,235600.0,1720,48200.0,6.402,299452,4.5
10/1/2006,201.9,245400.0,1491,48200.0,6.358,299710,4.4
11/1/2006,202.0,245400.0,1570,48200.0,6.24,299950,4.5
12/1/2006,203.1,245400.0,1649,48200.0,6.135,300178,4.4
1/1/2007,203.437,257400.0,1409,50230.0,6.218,300398,4.6
2/1/2007,204.226,257400.0,1480,50230.0,6.285,300608,4.5
3/1/2007,205.288,257400.0,1495,50230.0,6.156,300823,4.4
4/1/2007,205.904,242200.0,1490,50230.0,6.18,301045,4.5
5/1/2007,206.755,242200.0,1415,50230.0,6.262,301278,4.4
6/1/2007,207.234,242200.0,1448,50230.0,6.658,301528,4.6
7/1/2007,207.603,241800.0,1354,50230.0,6.695,301790,4.7
8/1/2007,207.667,241800.0,1330,50230.0,6.572,302064,4.6
9/1/2007,208.547,241800.0,1183,50230.0,6.382,302334,4.7
10/1/2007,209.19,238400.0,1264,50230.0,6.375,302590,4.7
11/1/2007,210.834,238400.0,1197,50230.0,6.208,302834,4.7
12/1/2007,211.445,238400.0,1037,50230.0,6.095,303062,5.0
1/1/2008,212.174,233900.0,1084,50300.0,5.758,303280,5.0
2/1/2008,212.687,233900.0,1103,50300.0,5.918,303494,4.9
3/1/2008,213.448,233900.0,1005,50300.0,5.97,303707,5.1
4/1/2008,213.942,235300.0,1013,50300.0,5.918,303926,5.0
5/1/2008,215.208,235300.0,973,50300.0,6.036,304157,5.4
6/1/2008,217.463,235300.0,1046,50300.0,6.32,304396,5.6
7/1/2008,219.016,226500.0,923,50300.0,6.426,304646,5.8
8/1/2008,218.69,226500.0,844,50300.0,6.478,304903,6.1
9/1/2008,218.877,226500.0,820,50300.0,6.038,305158,6.1
10/1/2008,216.995,222500.0,777,50300.0,6.2,305403,6.5
11/1/2008,213.153,222500.0,652,50300.0,6.088,305620,6.8
12/1/2008,211.398,222500.0,560,50300.0,5.286,305827,7.3
1/1/2009,211.933,208400.0,490,49780.0,5.047,306035,7.8
2/1/2009,212.705,208400.0,582,49780.0,5.13,306237,8.3
3/1/2009,212.495,208400.0,505,49780.0,5.002,306438,8.7
4/1/2009,212.709,220900.0,478,49780.0,4.81,306645,9.0
5/1/2009,213.022,220900.0,540,49780.0,4.858,306863,9.4
6/1/2009,214.79,220900.0,585,49780.0,5.42,307090,9.5
7/1/2009,214.726,214300.0,594,49780.0,5.222,307322,9.5
8/1/2009,215.445,214300.0,586,49780.0,5.192,307570,9.6
9/1/2009,215.861,214300.0,585,49780.0,5.058,307826,9.8
10/1/2009,216.509,219000.0,534,49780.0,4.952,308071,10.0
11/1/2009,217.234,219000.0,588,49780.0,4.875,308289,9.9
12/1/2009,217.347,219000.0,581,49780.0,4.93,308495,9.9
1/1/2010,217.488,222900.0,614,49280.0,5.03,308706,9.8
2/1/2010,217.281,222900.0,604,49280.0,4.99,308904,9.8
3/1/2010,217.353,222900.0,636,49280.0,4.968,309095,9.9
4/1/2010,217.403,219500.0,687,49280.0,5.098,309289,9.9
5/1/2010,217.29,219500.0,583,49280.0,4.888,309485,9.6
6/1/2010,217.199,219500.0,536,49280.0,4.738,309691,9.4
7/1/2010,217.605,224100.0,546,49280.0,4.564,309913,9.4
8/1/2010,217.923,224100.0,599,49280.0,4.428,310146,9.5
9/1/2010,218.275,224100.0,594,49280.0,4.346,310385,9.5
10/1/2010,219.035,224300.0,543,49280.0,4.225,310612,9.4
11/1/2010,219.59,224300.0,545,49280.0,4.3,310820,9.8
12/1/2010,220.472,224300.0,539,49280.0,4.714,311020,9.3
1/1/2011,221.187,226900.0,630,50050.0,4.755,311204,9.1
2/1/2011,221.898,226900.0,517,50050.0,4.952,311373,9.0
3/1/2011,223.046,226900.0,600,50050.0,4.836,311551,9.0
4/1/2011,224.093,228100.0,554,50050.0,4.84,311740,9.1
5/1/2011,224.806,228100.0,561,50050.0,4.638,311935,9.0
6/1/2011,224.806,228100.0,608,50050.0,4.51,312147,9.1
7/1/2011,225.395,223500.0,623,50050.0,4.545,312372,9.0
8/1/2011,226.106,223500.0,585,50050.0,4.27,312605,9.0
9/1/2011,226.597,223500.0,650,50050.0,4.106,312842,9.0
10/1/2011,226.75,221100.0,610,50050.0,4.068,313060,8.8
11/1/2011,227.169,221100.0,711,50050.0,3.992,313260,8.6
12/1/2011,227.223,221100.0,694,50050.0,3.958,313454,8.5
1/1/2012,227.842,238400.0,723,51020.0,3.915,313636,8.3
2/1/2012,228.329,238400.0,704,51020.0,3.89,313811,8.3
3/1/2012,228.807,238400.0,695,51020.0,3.954,313993,8.2
4/1/2012,229.187,238700.0,753,51020.0,3.91,314176,8.2
5/1/2012,228.713,238700.0,708,51020.0,3.798,314368,8.2
6/1/2012,228.524,238700.0,757,51020.0,3.675,314576,8.2
7/1/2012,228.59,248800.0,740,51020.0,3.55,314796,8.2
8/1/2012,229.918,248800.0,754,51020.0,3.602,315031,8.1
9/1/2012,231.015,248800.0,847,51020.0,3.498,315264,7.8
10/1/2012,231.638,251700.0,915,51020.0,3.383,315485,7.8
11/1/2012,231.249,251700.0,833,51020.0,3.352,315692,7.7
12/1/2012,231.221,251700.0,976,51020.0,3.345,315877,7.9
1/1/2013,231.679,258400.0,888,53590.0,3.414,316038,8.0
2/1/2013,232.937,258400.0,962,53590.0,3.532,316191,7.7
3/1/2013,232.282,258400.0,1010,53590.0,3.565,316357,7.5
4/1/2013,231.797,268100.0,835,53590.0,3.445,316535,7.6
5/1/2013,231.893,268100.0,930,53590.0,3.536,316729,7.5
6/1/2013,232.445,268100.0,839,53590.0,4.07,316934,7.5
7/1/2013,232.9,264800.0,880,53590.0,4.37,317156,7.3
8/1/2013,233.456,264800.0,917,53590.0,4.456,317397,7.2
9/1/2013,233.544,264800.0,850,53590.0,4.49,317635,7.2
10/1/2013,233.669,273600.0,925,53590.0,4.192,317864,7.2
11/1/2013,234.1,273600.0,1100,53590.0,4.255,318076,6.9
12/1/2013,234.719,273600.0,1002,53590.0,4.458,318276,6.7
1/1/2014,235.288,275200.0,888,53660.0,4.432,318464,6.6
2/1/2014,235.547,275200.0,944,53660.0,4.302,318642,6.7
3/1/2014,236.028,275200.0,970,53660.0,4.342,318827,6.7
4/1/2014,236.468,288000.0,1043,53660.0,4.338,319020,6.2
5/1/2014,236.918,288000.0,1007,53660.0,4.192,319225,6.3
6/1/2014,237.231,288000.0,911,53660.0,4.162,319438,6.1
7/1/2014,237.498,281000.0,1085,53660.0,4.13,319670,6.2
8/1/2014,237.46,281000.0,984,53660.0,4.115,319919,6.1
9/1/2014,237.477,281000.0,1023,53660.0,4.162,320166,5.9
10/1/2014,237.43,298900.0,1074,53660.0,4.036,320403,5.7
11/1/2014,236.983,298900.0,1001,53660.0,3.998,320616,5.8
12/1/2014,236.252,298900.0,1073,53660.0,3.864,320815,5.6
1/1/2015,234.747,289200.0,1085,56520.0,3.67,320997,5.7
2/1/2015,235.342,289200.0,886,56520.0,3.71,321164,5.5
3/1/2015,235.976,289200.0,960,56520.0,3.77,321344,5.4
4/1/2015,236.222,289100.0,1190,56520.0,3.672,321538,5.4
5/1/2015,237.001,289100.0,1079,56520.0,3.84,321740,5.6
6/1/2015,237.657,289100.0,1205,56520.0,3.982,321954,5.3
7/1/2015,238.034,295800.0,1146,56520.0,4.046,322186,5.2
8/1/2015,238.033,295800.0,1130,56520.0,3.905,322427,5.1
9/1/2015,237.498,295800.0,1224,56520.0,3.89,322670,5.0
10/1/2015,237.733,302500.0,1058,56520.0,3.796,322901,5.0
11/1/2015,238.017,302500.0,1172,56520.0,3.942,323113,5.1
12/1/2015,237.761,302500.0,1146,56520.0,3.964,323318,5.0
1/1/2016,237.652,299800.0,1092,59040.0,3.872,323509,4.8
2/1/2016,237.336,299800.0,1225,59040.0,3.66,323687,4.9
3/1/2016,238.08,299800.0,1111,59040.0,3.694,323871,5.0
4/1/2016,238.992,306000.0,1163,59040.0,3.605,324061,5.1
5/1/2016,239.557,306000.0,1148,59040.0,3.6,324260,4.8
6/1/2016,240.222,306000.0,1203,59040.0,3.568,324476,4.9
7/1/2016,240.101,303800.0,1239,59040.0,3.44,324697,4.8
8/1/2016,240.545,303800.0,1171,59040.0,3.435,324924,4.9
9/1/2016,241.176,303800.0,1068,59040.0,3.46,325155,5.0
10/1/2016,241.741,310900.0,1313,59040.0,3.47,325368,4.9
11/1/2016,242.026,310900.0,1140,59040.0,3.77,325562,4.7
12/1/2016,242.637,310900.0,1252,59040.0,4.198,325742,4.7
1/1/2017,243.618,313100.0,1190,61140.0,4.15,325901,4.7
2/1/2017,244.006,313100.0,1271,61140.0,4.168,326050,4.6
3/1/2017,243.892,313100.0,1190,61140.0,4.196,326207,4.4
4/1/2017,244.193,318200.0,1146,61140.0,4.045,326371,4.4
5/1/2017,244.004,318200.0,1157,61140.0,4.01,326548,4.4
6/1/2017,244.163,318200.0,1249,61140.0,3.904,326743,4.3
7/1/2017,244.243,320500.0,1206,61140.0,3.968,326939,4.3
8/1/2017,245.183,320500.0,1159,61140.0,3.88,327140,4.4
9/1/2017,246.435,320500.0,1181,61140.0,3.805,327342,4.3
10/1/2017,246.626,337900.0,1257,61140.0,3.895,327528,4.2
11/1/2017,247.284,337900.0,1273,61140.0,3.922,327699,4.2
12/1/2017,247.805,337900.0,1177,61140.0,3.95,327848,4.1
1/1/2018,248.859,331800.0,1299,63180.0,4.033,327969,4.0
2/1/2018,249.529,331800.0,1277,63180.0,4.33,328085,4.1
3/1/2018,249.577,331800.0,1318,63180.0,4.444,328219,4.0
4/1/2018,250.227,315600.0,1276,63180.0,4.468,328364,4.0
5/1/2018,250.792,315600.0,1357,63180.0,4.586,328521,3.8
6/1/2018,251.018,315600.0,1192,63180.0,4.57,328692,4.0
7/1/2018,251.214,330900.0,1208,63180.0,4.528,328863,3.8
8/1/2018,251.663,330900.0,1288,63180.0,4.55,329040,3.8
9/1/2018,252.182,330900.0,1250,63180.0,4.627,329216,3.7
10/1/2018,252.772,322800.0,1221,63180.0,4.83,329379,3.8
11/1/2018,252.594,322800.0,1181,63180.0,4.866,329527,3.8
12/1/2018,252.767,322800.0,1095,63180.0,4.638,329659,3.9
1/1/2019,252.561,313000.0,1226,68700.0,4.464,329766,4.0
2/1/2019,253.319,313000.0,1121,68700.0,4.37,329862,3.8
3/1/2019,254.277,313000.0,1191,68700.0,4.265,329977,3.8
4/1/2019,255.233,322500.0,1272,68700.0,4.142,330103,3.7
5/1/2019,255.296,322500.0,1293,68700.0,4.072,330240,3.6
6/1/2019,255.213,322500.0,1243,68700.0,3.802,330393,3.6
7/1/2019,255.802,318400.0,1240,68700.0,3.765,330553,3.7
8/1/2019,256.036,318400.0,1375,68700.0,3.616,330729,3.6
9/1/2019,256.43,318400.0,1311,68700.0,3.605,330904,3.5
10/1/2019,257.155,327100.0,1325,68700.0,3.688,331066,3.6
11/1/2019,257.879,327100.0,1353,68700.0,3.695,331213,3.6
12/1/2019,258.63,327100.0,1548,68700.0,3.72,331345,3.6
1/1/2020,259.127,329000.0,1581,68010.0,3.624,331443,3.6
2/1/2020,259.25,329000.0,1549,68010.0,3.465,331525,3.5
3/1/2020,258.076,329000.0,1266,68010.0,3.45,331668,4.4
4/1/2020,256.032,317100.0,936,68010.0,3.306,331750,14.8
5/1/2020,255.802,317100.0,1039,68010.0,3.232,331752,13.2
6/1/2020,257.042,317100.0,1266,68010.0,3.162,331795,11.0
7/1/2020,258.352,327900.0,1526,68010.0,3.016,331862,10.2
8/1/2020,259.316,327900.0,1396,68010.0,2.935,331936,8.4
9/1/2020,259.997,327900.0,1473,68010.0,2.89,332017,7.8
10/1/2020,260.319,338600.0,1543,68010.0,2.834,332092,6.9
11/1/2020,260.911,338600.0,1543,68010.0,2.765,332130,6.7
12/1/2020,262.045,338600.0,1614,68010.0,2.684,332113,6.7
1/1/2021,262.687,355000.0,1630,70780.0,2.735,332059,6.4
2/1/2021,263.579,355000.0,1404,70780.0,2.81,332035,6.2
3/1/2021,264.961,355000.0,1696,70780.0,3.082,332074,6.1
4/1/2021,266.614,367800.0,1495,70780.0,3.06,332141,6.1
5/1/2021,268.383,367800.0,1589,70780.0,2.962,332212,5.8
6/1/2021,270.654,367800.0,1650,70780.0,2.975,332300,5.9
7/1/2021,271.903,395200.0,1597,70780.0,2.868,332454,5.4
8/1/2021,272.676,395200.0,1594,70780.0,2.843,332641,5.1
9/1/2021,273.91,395200.0,1577,70780.0,2.9,332801,4.7
10/1/2021,276.55,414000.0,1579,70780.0,3.068,332955,4.5
11/1/2021,278.919,414000.0,1705,70780.0,3.068,333109,4.1
12/1/2021,280.845,414000.0,1722,70780.0,3.098,333251,3.9
1/1/2022,282.543,413500.0,1702,74580.0,3.445,333349,4.0
2/1/2022,284.5,413500.0,1735,74580.0,3.762,333444,3.9
3/1/2022,287.674,413500.0,1712,74580.0,4.172,333595,3.7
4/1/2022,288.561,437700.0,1820,74580.0,4.982,333776,3.7
5/1/2022,291.298,437700.0,1531,74580.0,5.23,333958,3.6
6/1/2022,294.957,437700.0,1551,74580.0,5.522,334147,3.6
7/1/2022,294.913,438000.0,1381,74580.0,5.412,334370,3.5
8/1/2022,295.097,438000.0,1531,74580.0,5.222,334628,3.6
9/1/2022,296.349,438000.0,1488,74580.0,6.112,334885,3.5
10/1/2022,298.007,442600.0,1435,74580.0,6.9,335125,3.6
11/1/2022,298.786,442600.0,1424,74580.0,6.805,335354,3.6
12/1/2022,298.832,442600.0,1308,74580.0,6.364,335569,3.5
1/1/2023,300.42,429000.0,1361,80610.0,6.272,335770,3.5
2/1/2023,301.45,429000.0,1399,80610.0,6.258,335975,3.6
3/1/2023,301.821,429000.0,1377,80610.0,6.544,336189,3.5
4/1/2023,302.845,418500.0,1354,80610.0,6.342,336406,3.4
5/1/2023,303.334,418500.0,1584,80610.0,6.425,336632,3.6
6/1/2023,304.014,418500.0,1421,80610.0,6.714,336875,3.6
7/1/2023,304.609,435400.0,1460,80610.0,6.84,337147,3.5
8/1/2023,306.082,435400.0,1317,80610.0,7.072,337443,3.7
9/1/2023,307.276,435400.0,1371,80610.0,7.2,337738,3.7
10/1/2023,307.696,423200.0,1368,80610.0,7.62,338021,3.9
11/1/2023,308.148,423200.0,1514,80610.0,7.442,338295,3.7
12/1/2023,308.741,423200.0,1521,80610.0,6.815,338550,3.8
1/1/2024,309.698,426800.0,1381,83730.0,6.642,338787,3.7
2/1/2024,310.967,426800.0,1552,83730.0,6.776,339029,3.9
3/1/2024,312.345,426800.0,1312,83730.0,6.82,339288,3.9
4/1/2024,313.023,414500.0,1385,83730.0,6.992,339554,3.9
5/1/2024,313.175,414500.0,1316,83730.0,7.06,339828,3.9
6/1/2024,313.044,414500.0,1327,83730.0,6.918,340108,4.1
7/1/2024,313.569,415300.0,1265,83730.0,6.848,340335,4.2
8/1/2024,314.062,415300.0,1391,83730.0,6.5,340512,4.2
9/1/2024,314.732,415300.0,1357,83730.0,6.18,340688,4.1
10/1/2024,315.631,419300.0,1352,83730.0,6.428,340855,4.1
11/1/2024,316.528,419300.0,1295,83730.0,6.805,341011,4.2
12/1/2024,317.604,419300.0,1514,83730.0,6.715,341149,4.1
1/1/2025,318.961,423100.0,1358,83730.0,6.958,341268,4.0
2/1/2025,319.679,423100.0,1490,83730.0,6.842,341378,4.2
3/1/2025,319.785,423100.0,1355,83730.0,6.65,341496,4.2
4/1/2025,320.302,416100.0,1398,83730.0,6.725,341632,4.2
5/1/2025,320.62,416100.0,1282,83730.0,6.816,341784,4.3
6/1/2025,321.435,416100.0,1382,83730.0,6.818,341945,4.1
7/1/2025,322.169,410100.0,1420,83730.0,6.72,342076,4.3
8/1/2025,323.291,410100.0,1291,83730.0,6.588,342178,4.3
9/1/2025,324.245,410100.0,1328,83730.0,6.352,342277,4.4
10/1/2025,324.245,405300.0,1272,83730.0,6.254,342366,4.4
11/1/2025,325.063,405300.0,1324,83730.0,6.238,342439,4.5
12/1/2025,326.031,405300.0,1387,83730.0,6.238,342495,4.4
